{"Desired Position": [5, 5, 5], "Genes to Animate": [[0.0, 0.0, 0.0, 0.0], [0.05241790891606264, 0.19585888204900753, -0.14730241889233953, -0.4609047140715645], [0.10898752455461524, 0.39239906519015183, -0.2978546388187219, -0.9218085877882636], [0.16556571734668865, 0.5891092990717003, -0.44862628400872684, -1.382733380883775], [0.2899956840016453, 0.785801287311992, -0.6097962284149722, -1.5597902429328636], [0.4494549217309666, 0.9825268220318937, -0.7738858197723696, -1.5630975751235083], [0.6089145225334177, 1.1792588630081116, -0.9379651591674973, -1.5661447807984974], [0.7797285471381845, 1.2772205992244523, -1.1038377507906865, -1.5691695312905756], [0.8313660992657463, 1.2796080900617461, -1.2549427950719143, -1.570669567941458], [0.7853981898887075, 1.2671866098073736, -1.228192133555385, -1.4935221344512146]], "Total time": 5}