{"Desired Position": [5, 5, 5], "Genes to Animate": [[0.0, 0.0, 0.0, 0.0], [7.157914352327478e-05, 0.0023377243266212173, -0.1315705999625371, -0.002274497645412236], [0.00039120142441726016, 0.009171459769127591, -0.3631609883051078, -0.007812537761965893], [0.002134662072696052, 0.035060390354030906, -0.7408582276878202, -0.026383440651947337], [0.011548857698150575, 0.12217464829545946, -1.0602249569089806, -0.08434122569819068], [0.0597311325826571, 0.32810179136932843, -1.2114831732761067, -0.2311066674139136], [0.25213514284229416, 0.5713671438449508, -1.2637001866181627, -0.46505418031867723], [0.6137319140912476, 0.7030354988092745, -1.279675207096266, -0.6574525288540934], [0.8319705113598723, 0.7464887113332553, -1.2843777978958801, -0.7467651444970455], [0.8898467843315353, 0.758328238594738, -1.2857462819378316, -0.7772906477660956]], "Total time": 5}