{"Desired Position": [-5, -6, 7], "Total time": 5, "Genes to Animate": [[0.0, 0.0, 0.0, 0.0], [2.0533555181438485e-05, 0.0460592855701728, 0.03952260488268461, 0.14544825234705255], [-0.00017335424207509166, 0.09492579029938068, 0.07920346866523614, 0.33701157421697253], [0.0002850128363631779, 0.19611276854597084, 0.25103845315367346, 0.480990371450535], [-0.000991219960813165, 0.2973799496106952, 0.41145439580451126, 0.7040704139643896], [-0.0019105609424552327, 0.40564044897025964, 0.576880894393868, 0.9277978609911696], [-0.0021640793216224684, 0.5142084484595453, 0.7419084297912791, 1.1424813855712055], [-0.002012399668448931, 0.6229047811865988, 0.9071921556789245, 1.3565699061451097], [0.02037926770181282, 0.7316694834475856, 1.0706767953886909, 1.524834985286047], [0.0767968817001305, 0.8404545472916861, 1.218681750839282, 1.5571254655190965], [0.14937464498451525, 0.9496563932097964, 1.3537032585092612, 1.5674572723266673], [0.23231772618382715, 1.0371884550425874, 1.4558043971079813, 1.569741968016649], [0.3159653108946293, 1.1268231638047286, 1.4978919988481514, 1.5699105700701736], [0.3994932999245111, 1.1886815570926481, 1.5148000901183842, 1.5696228983424567], [0.4840942571663029, 1.250476654183581, 1.5077355602996525, 1.5690787668346096], [0.6135747354835148, 1.3038954309645867, 1.4743507113277379, 1.5692402177094982], [0.7327929714555041, 1.357543540652441, 1.4389353553570152, 1.5701879799970124], [0.8679601098755981, 1.4094640807807526, 1.399393913028965, 1.5632290735295997], [0.9674989059982337, 1.4337614513155186, 1.49418471784904, 1.5505335396582922], [0.876053835824435, 1.4562707321560553, 1.550214283110379, 0.9507038793464879]]}