{"Desired Position": [5, 5, 5], "Genes to Animate": [[0.0, 0.0, 0.0, 0.0], [0.011970592977338164, 3.71254408356165e-09, -0.05262599534990676, 0.15965009520468942], [0.04937803914881145, 1.7711980016621473e-07, -0.24035622837532172, 0.47781003437023134], [0.16579414505162016, 7.682757363902169e-06, -0.5870366219128377, 1.1078601743142302], [0.3343981959383746, 0.00025065687018687886, -0.6316978212138018, 1.17244411414381], [0.4070103215797246, 0.004324819051891127, -0.29997741186803734, 0.3801709058632356], [0.5804340685707927, 0.031358255940214526, 0.06092246989174717, -0.66141667559166], [0.8495545377863714, 0.10623944174860997, 0.2637612502759541, -1.5707963267948966], [0.989995052809413, 0.19618723407356647, 0.39635024673364166, -1.5707963267948966], [1.038335680481615, 0.2471557339403108, 0.46171055181578446, -1.5707963267948966]], "Total time": 5}