{"Desired Position": [5, 5, 5], "Genes to Animate": [[0.0, 0.0, 0.0, 0.0], [0.0472538145673307, 5.8634854973754425e-08, -0.13026163659458254, -0.11364407427757452], [0.09450942453870459, 2.5256725496061317e-07, -0.2661753159349781, -0.22759571566942244], [0.16414037317530528, 1.4347169037958067e-06, -0.4147474909182231, -0.44433194575652096], [0.2337670729550977, 5.234891614164191e-06, -0.5635872279523255, -0.6567580654034127], [0.31217564907284906, 1.0802922485575201e-05, -0.7127490337678047, -0.8736131578362677], [0.39065819404151625, 1.6688521729764768e-05, -0.8923636756085097, -1.0744476362711597], [0.46969485303568487, 3.294495439513962e-05, -1.0720470897299998, -1.275278006966658], [0.5503945396037018, 0.00016140177638510677, -1.2517143051015096, -1.47497487029755], [0.6311385307352755, 0.0017327598830959225, -1.4315427029130328, -1.5389889793288838], [0.7134780591347544, 0.025904082991075803, -1.4578867423161885, -1.5416711018652196], [0.7849137835418194, 0.1045754690502377, -1.4842265864520885, -1.5342898976662367], [0.8563459370054258, 0.20733475843531837, -1.5089933261802724, -1.5096947852289475], [0.8976664226954703, 0.33100968405174697, -1.5334444867639596, -1.4849646564993917], [0.9389283260395033, 0.45481496199349003, -1.5507799662311799, -1.4600626446396427], [0.9452374349891638, 0.5900298203610679, -1.5599165179633945, -1.435330509868277], [0.9319866744936185, 0.7746644529947913, -1.564433790822635, -1.410743811064105], [0.8978294967593157, 0.9630400561211301, -1.5674308725256825, -1.3890660122053626], [0.8634387601438805, 1.2936692959417269, -1.569221501517376, -1.4532980625394978], [0.7853982073775818, 1.5076973886224192, -1.5701646364358628, -1.1474393142898451]], "Total time": 5}