{"Desired Position": [5, 5, 5], "Total time": 5, "Genes to Animate": [[0.0, 0.0, 0.0, 0.0], [0.0018200589711000893, 1.4410791216778903e-07, -0.004265416128840205, -0.10094803412129802], [0.003716639570417393, 3.9249466859741904e-07, -0.00856558804954291, -0.20644151022043514], [0.005751989865581805, 8.583487134819274e-07, -0.013812329191571306, -0.3358328811906613], [0.008054660274533191, 1.3274889737369925e-06, -0.02145372784851228, -0.4742128392049193], [0.01065795226555154, 2.191007811548678e-06, -0.03226698829856659, -0.6124956563775339], [0.013306793405316672, 3.0658550749173515e-06, -0.04576868672570251, -0.7524221378759719], [0.01596744028475081, 4.282326329975002e-06, -0.07205202872148066, -0.8883324935766186], [0.019171619461052263, 6.085898716535768e-06, -0.14477202606594497, -1.0213928676302522], [0.022399047235569416, 8.50523639147301e-06, -0.21835133534623014, -1.1543461790647835], [0.025970807331372244, 1.1597212120438443e-05, -0.2919417066430074, -1.2720807711402373], [0.029874479341366313, 1.552964570296967e-05, -0.37118783437364405, -1.3898016452310125], [0.033986121572324085, 2.0417136531451107e-05, -0.4510339513358028, -1.4336652458133265], [0.03815663800389885, 2.482515896235831e-05, -0.5307840237309607, -1.4750002247299514], [0.04310060009085269, 2.6474913826164094e-05, -0.6107055621847312, -1.5041766432915928], [0.04838639780348029, 2.6193400661701392e-05, -0.690757590502803, -1.5283916360341283], [0.05745173181669584, 2.9032382485279196e-05, -0.7706727042993762, -1.5442510661238125], [0.07274152547519175, 3.776341433368781e-05, -0.850762075512805, -1.5535708624683986], [0.0948458011297165, 5.068151403545174e-05, -0.9308195088961502, -1.5589365730015285], [0.12074496894164415, 6.868630300615047e-05, -1.010831981312496, -1.5618627239230514], [0.15059165569844518, 9.456072711839516e-05, -1.088260038721465, -1.5636672148427593], [0.18456151942310697, 0.0001283498088087481, -1.16367094668923, -1.565388931007898], [0.22755162912192473, 0.00017008492927171593, -1.2389656691667263, -1.5669331823072201], [0.2706938706715074, 0.00022746798438086322, -1.314207565666207, -1.567905625125452], [0.33052108306519484, 0.0003425296206071079, -1.3829169874213447, -1.5684081761572308], [0.3905363633635343, 0.0006700404164690732, -1.4493364827120556, -1.5687434302218795], [0.4604167509038132, 0.0015850917862647044, -1.4688681707137858, -1.5690728375657068], [0.5302608061998147, 0.014081432851539774, -1.4818697443986744, -1.5693557975836356], [0.6000267277225785, 0.03735127533927183, -1.4944354552392327, -1.5695555433653678], [0.6721464798478005, 0.06400713725712595, -1.5059843664218124, -1.5696762578605208], [0.7418685365546684, 0.09353576473969889, -1.5157787468225086, -1.5697370596392166], [0.8114127580043347, 0.12769070552256567, -1.5238556981825417, -1.5697665081095038], [0.8809418433904843, 0.16849124892068043, -1.531281465645526, -1.5697979219056262], [0.9465460869066014, 0.21535371691442173, -1.5382281436873897, -1.5698626288237585], [1.010078437477797, 0.26258158264144077, -1.544570733944073, -1.569966105388421], [1.0735810784876663, 0.31044939668323335, -1.5491711736174978, -1.5700928413764692], [1.1319386405267653, 0.365317067395933, -1.55246466570444, -1.5701950705565002], [1.1886360234156186, 0.4367119634498059, -1.5557450517129037, -1.5702413822899324], [1.2452908840892711, 0.5131919737669619, -1.5587996536686304, -1.5702230669756705], [1.2982259617635858, 0.5912657292513838, -1.5611597944345261, -1.5702059855791612], [1.34846590102575, 0.6778715800468692, -1.5635145977357348, -1.5701650578895543], [1.3952374556983422, 0.7685905829406858, -1.565572023188839, -1.570087745003435], [1.4419719508000888, 0.866426752707743, -1.5669994661435442, -1.5699852409505741], [1.4884212415024665, 0.964295524688244, -1.5679996802816896, -1.5697457751869135], [1.4506814712083922, 1.0634953128946751, -1.5685250969484084, -1.4769623468824107], [1.2485555248189695, 1.1688572030886037, -1.569195014674997, -1.3758739389160357], [1.0610806634981742, 1.271493086717349, -1.5696649399591, -1.3302108173182785], [0.9305767761101148, 1.363488958473469, -1.5649049815491884, -1.2922028227537516], [0.8435226051177663, 1.4399512681374962, -1.5505971496153081, -1.237264621061755], [0.7853989083459075, 1.4906046319137607, -1.5454159551673217, -1.17373306634652]]}