{"Desired Position": [5, 5, 5], "Total time": 5, "Genes to Animate": [[0.0, 0.0, 0.0, 0.0], [-0.40944849464430244, 0.00297789886832383, -0.628363031471459, 0.43437075940160313], [-0.28381327544215174, 0.013429134585143793, -0.9864628908603564, 0.8086157731467319], [-0.06261769823657401, 0.03356023886652776, -1.4259399347116857, 1.1242926096169439], [0.05636191606871485, 0.03212991881766426, -1.5101601671374951, 1.1411783368825932], [0.08084151776713926, 0.019754182197725442, -1.1091466180852532, 1.0577296443301207], [-0.10973693108491091, 0.0030449832491051833, -0.5081359024695642, 0.9666272899870187], [-0.4984510587691781, 0.009576924264336003, 0.07396977725143122, 0.9039864674676705], [-0.565444389004456, 0.025216302914783363, 0.6761935025276574, 1.0767567861635168], [-0.02511169882779834, 0.04299873077971072, 1.0388739386480976, 1.4654595948754368], [0.3922007486674671, 0.057580377350394146, 1.1586878276218464, 1.5707963267948966], [0.7163726324292874, 0.13079588894621014, 1.1953631926124142, 1.5707963267948966], [0.9720114119074555, 0.35635723289453236, 1.4106015799745402, 1.5707963267948966], [1.1004626860605178, 0.6746702252735243, 1.5660571448807037, 1.5707963267948966], [1.1628264442429443, 0.7904716433236916, 1.5703576517818485, 1.5707963267948966], [1.1809698473301413, 0.5400848100527649, 1.5707530830404985, 1.5707963267948966], [1.1593293176573027, 0.3012614733024251, 1.5707901828635882, 1.5707963267948966], [1.0951737835978788, 0.27731835230549834, 1.5369439659954807, 1.5707963267948966], [0.9643029881280991, 0.2375411842674164, 1.3639329505374709, 1.5707963267948966], [0.825006764614893, 0.10939729385102286, 1.0346764295060435, 1.5707963267948966]]}