{"Desired Position": [5, 5, 5], "Genes to Animate": [[0.0, 0.0, 0.0, 0.0], [0.011307017896033864, 1.5644851030425385e-05, -0.2977854303680972, -0.2902299248533142], [0.028468630263922434, 0.00014676009716263315, -0.5954261409613725, -0.6033753144344888], [0.07198094916355965, 0.002725423168770401, -0.909315221328998, -0.9561290494956405], [0.21648859702020024, 0.0395917870571886, -1.1686473266723567, -1.345646811583189], [0.40860178578472733, 0.1949771182958745, -1.3566170454114117, -1.5707963267948966], [0.709178640103345, 0.5091270722077063, -1.3643540431061008, -1.5707963267948966], [1.0246068541049027, 0.8390218864130519, -1.3097531715262676, -1.5707963267948966], [1.0941864594142636, 1.1457364784131707, -1.3100301588646144, -1.5707963267948966], [0.7838539426098975, 1.229868734459178, -1.1729367767136152, -1.5707714946286564]]}