{"Desired Position": [5, 5, 5], "Genes to Animate": [[0.0, 0.0, 0.0, 0.0], [-0.0003995525386976987, 8.403750312391965e-05, -0.13349520678557428, -0.35329034909199714], [0.005610376866826113, 0.0001895284638175097, -0.3428847022397212, -0.721898016050533], [0.01669842954002387, 0.0003454349983232099, -0.5511123010351617, -1.0931877675552617], [0.06471956924700706, 0.0005134988568251292, -0.7588261385991908, -1.4574590555030347], [0.1538451756156016, 0.008593415625194022, -0.9316506524057003, -1.5351863805620147], [0.3047603749542255, 0.3323141299415633, -1.0639668185215903, -1.5103738113386325], [0.4880261064859009, 0.6616400133843728, -1.1096523060261416, -1.4631946091333], [0.6726131360466988, 1.0348324111053535, -1.1553012662539952, -1.455774887226955], [0.7852880436569063, 1.2458028612657372, -1.1980594469282568, -1.522175932141856]], "Total time": 5}