{"Desired Position": [5, 5, 5], "Genes to Animate": [[0.0, 0.0, 0.0, 0.0], [-3.214978438279397e-05, 5.002494137875536e-11, 0.0010086389767850232, 0.00011912588330566671], [-7.08990798167777e-05, 6.909284613024977e-10, 0.002694072462316695, 0.00024219892086265626], [-0.00014993344750628045, 9.542095668315354e-09, 0.007161108012248786, 0.00048558579701714675], [-0.00030079035803315266, 1.3173012080790893e-07, 0.01879458470052366, 0.000956031042593998], [-0.0005858751236556793, 1.8145280454574845e-06, 0.04775711118859875, 0.0018477738679436406], [-0.0011810530688559182, 2.4657375187171832e-05, 0.11243270776984261, 0.003517552848395331], [-0.002572571503635804, 0.0003089421047832356, 0.2272388482090446, 0.006587241518745521], [-0.005929755003134444, 0.002668878023655313, 0.3660010904875783, 0.011911712091914675], [-0.013748674228113199, 0.01072578119156374, 0.4690047439126186, 0.01980224724630572], [-0.0303330521932333, 0.026200716280003724, 0.5107309721784778, 0.027190955792643468], [-0.05898480096352361, 0.05579475556871552, 0.4989332279072471, 0.02220309987805659], [-0.08757726843622782, 0.11324150809232933, 0.43485388725831636, -0.01951035324227475], [-0.06480389900196354, 0.21769433571020308, 0.3036265636140264, -0.129342269152814], [0.08092780335976868, 0.3835454666361176, 0.09076735404566372, -0.32767537816417786], [0.3550002306200936, 0.5969547119469395, -0.18429301241103768, -0.5946307701574688], [0.666011448344288, 0.8079346458693628, -0.4564716944242654, -0.8628688924526886], [0.9155386507721109, 0.9686010657651736, -0.6637859739459985, -1.06844136036074], [1.073598495324208, 1.0683086809450177, -0.79244839615631, -1.1963689656111638], [1.1602919348673368, 1.122542392115472, -0.8624317006911073, -1.266044522633791]], "Total time": 5}